4.5,241
4,1122
4,1384
4.5,1179
4.5,663
4,5693
4,612
4,515
4.5,235
4,263
4,274
4,403
4,951
4,563
4,1644
4,191
4,1493
4,2328
5,7
4,2219
4,431
4.5,19
4.5,84
4,102
4,3621
4,757
4,408
4,3032
4,568
4,47
4,547
4,2086
4,1215
4,973
4.5,293
4,796
4,2328
5,7
4,2219
4,431
4.5,19
4.5,84
4,102
4.5,339
4,3621
4,757
4,408
4,3032
4,568
4,47
4,547
4,2086
4,1215
4,973
4.5,293
4,796
4.5,241
4,1122
4,1384
4.5,1179
4.5,663
4,5693
4,612
4,515
4.5,235
4,263
4,274
4,403
4.5,494
4,951
3.5,693
4,563
4,1644
4.5,97
4,191
4,1493
4,2328
5,7
4,2219
4,431
4.5,19
4.5,84
4,102
4.5,339
4,3621
4,757
4,408
4,3032
4,568
4,47
4,547
4,2086
4,1215
4,973
4.5,293
4,796
4.5,670
4,1761
4,1069
4.5,636
4,608
4,289
4,885
4,123
4,646
5,15
4,557
4,415
4,913
4.5,257
4,726
4,560
4,39
4,1285
4.5,469
4,2021
4,1705
4.5,824
4.5,279
5,5
4.5,415
4.5,51
4.5,30
4,106
4,235
4.5,192
4,792
4,940
4,1188
4.5,358
4,295
4.5,206
5,6
4,357
4.5,88
4.5,1139
4.5,458
4,390
4.5,145
4,1554
4,2515
4,221
4,1023
4,1428
4,37
4.5,232
4,310
4.5,266
4.5,347
4.5,308
4,539
5,1
4.5,9
4,1410
4,306
4.5,58
4,381
4,1388
4,397
4,298
4,351
4,483
4.5,748
4,568
4,476
4,291
4,442
5,6
4,1189
4,1695
4,2186
4,763
4,1828
4,406
4,1554
4,1055
4,58
4,798
4,1119
3,60
4,1615
3.5,2088
4,258
4.5,352
4.5,1334
4,425
4,669
4,84
4.5,227
4.5,277
4.5,258
4.5,875
4,522
4.5,275
4,827
4.5,159
4.5,113
4,187
4.5,218
4,284
4,440
4.5,473
4,234
4.5,544
4,1792
4,687
4,1092
4,908
4.5,185
4,290
4,2458
4,644
4.5,270
4,160
4.5,738
4,1185
4,765
4.5,3
4,847
4,316
4,883
4,5284
4.5,2557
4.5,751
4,2343
4.5,449
4,978
4.5,989
4.5,293
4,341
4,421
4,913
5,193
4,1873
4,714
4,943
4,519
4.5,574
4.5,268
4.5,264